,,,,,,,,10-2920-000-000-00,,,,,,,,
,,,,,MH2,,,,,,,,,,,
Debt Schedule-Master'!A1,,,,,,,  84.00 ,,,,,,,,,
'Rolling Debt Schedule'!A1,,,,,,,"($16,030.19)",,,,,,,,,
Loan #:,412932-105,,,,,,,,,,,,,,,
Billing ID:,,,,36,9/1/2020,6.610%,,,,,,,,,,
,,,,Payment,Princ,Int,"  1,075,653.56 ",Beg Bal,,,,,,,,
,,,,"$33,021.59 ",,,"  1,075,653.56 ",,,,,,,,,
,3/25/2022,,,,,,"  1,075,653.56 ",,,,,,,,,
,4/1/2022,,1,"  63,118.56 ","  61,754.98 ","  1,363.58 ","  1,013,898.58 ","  545,118.56 ",, 6594.48+56524.08 ,,,,,,
,5/1/2022,,2,"  28,262.04 ","  22,753.65 ","  5,508.39 ","  991,144.92 ",,,,,,,,,
,6/1/2022,,3,"  28,262.04 ","  22,697.78 ","  5,564.26 ","  968,447.14 ",,,,,,,,,6594.48
,7/1/2022,,4,"  28,262.04 ","  23,000.59 ","  5,261.45 ","  945,446.56 ",,,,,,,,,28262.04
,8/1/2022,,5,"  28,262.04 ","  22,954.33 ","  5,307.71 ","  922,492.23 ",,,,,,,,,28262.04
,9/1/2022,,6,"  28,262.04 ","  23,083.19 ","  5,178.85 ","  899,409.03 ",,,,,,,,,63118.56
,10/1/2022,,7,"  28,262.04 ","  23,375.66 ","  4,886.38 ","  876,033.37 ",,,,,,,,,54118.56
,11/1/2022,,8,"  28,262.04 ","  23,344.01 ","  4,918.03 ","  852,689.36 ",,,,,,,,,
,12/1/2022,,9,"  28,262.04 ","  23,629.48 ","  4,632.56 ","  829,059.87 ",,,,,,,,,
,1/1/2023,,10,"  28,262.04 ","  23,607.72 ","  4,654.32 ","  805,452.15 ",,,,,,,,,
,2/1/2023,,11,"  28,262.04 ","  23,740.25 ","  4,521.79 ","  781,711.90 ",,,,,,,,,
,3/1/2023,,12,"  28,262.04 ","  24,298.23 ","  3,963.81 ","  757,413.67 ",,,,,,,,,
,4/1/2023,,13,"  28,262.04 ","  24,009.94 ","  4,252.10 ","  733,403.73 ",,,,,,,,,
,5/1/2023,,14,"  28,262.04 ","  24,277.55 ","  3,984.49 ","  709,126.19 ",,,,,,,,,
,6/1/2023,,15,"  28,262.04 ","  24,281.03 ","  3,981.01 ","  684,845.16 ",,,,,,,,,
,7/1/2023,,16,"  28,262.04 ","  24,541.36 ","  3,720.68 ","  660,303.80 ",,,,,,,,,
,8/1/2023,,17,"  28,262.04 ","  24,555.11 ","  3,706.93 ","  635,748.69 ",,,,,,,,,
,9/1/2023,,18,"  28,262.04 ","  24,692.96 ","  3,569.08 ","  611,055.72 ",,,,,,,,,
,10/1/2023,,19,"  28,262.04 ","  24,942.25 ","  3,319.79 ","  586,113.47 ",,,,,,,,,
,11/1/2023,,20,"  28,262.04 ","  24,971.62 ","  3,290.42 ","  561,141.86 ",,,,,,,,,
,12/1/2023,,21,"  28,262.04 ","  25,213.43 ","  3,048.61 ","  535,928.43 ",,,,,,,,,
,1/1/2024,,22,"  28,262.04 ","  25,253.35 ","  3,008.69 ","  510,675.08 ",,,,,,,,,
,2/1/2024,,23,"  28,262.04 ","  25,395.12 ","  2,866.92 ","  485,279.96 ",,,,,,,,,
,3/1/2024,,24,"  28,262.04 ","  25,713.46 ","  2,548.58 ","  459,566.50 ",,,,,,,,,
,4/1/2024,,25,"  28,262.04 ","  25,682.05 ","  2,579.99 ","  433,884.46 ",,,,,,,,,
,5/1/2024,,26,"  28,262.04 ","  25,904.80 ","  2,357.24 ","  407,979.66 ",,,,,,,,,
,6/1/2024,,27,"  28,262.04 ","  25,971.65 ","  2,290.39 ","  382,008.00 ",,,,,,,,,
,7/1/2024,,28,"  28,262.04 ","  26,186.64 ","  2,075.40 ","  355,821.36 ",,,,,,,,,
,8/1/2024,,29,"  28,262.04 ","  26,264.47 ","  1,997.57 ","  329,556.90 ",,,,,,,,,
,9/1/2024,,30,"  28,262.04 ","  26,411.92 ","  1,850.12 ","  303,144.98 ",,,,,,,,,
,10/1/2024,,31,"  28,262.04 ","  26,615.09 ","  1,646.95 ","  276,529.89 ",,,,,,,,,
,11/1/2024,,32,"  28,262.04 ","  26,709.61 ","  1,552.43 ","  249,820.28 ",,,,,,,,,
,12/1/2024,,33,"  28,262.04 ","  26,904.80 ","  1,357.24 ","  222,915.48 ",,,,,,,,,
Jan25,1/1/2025,,34,"  28,262.04 ","  27,010.60 ","  1,251.44 ","  195,904.88 ",,,,,,,,,
Feb25,2/1/2025,,35,"  28,262.04 ","  27,162.24 ","  1,099.80 ","  168,742.65 ",,,,,,,,,
Mar25,3/1/2025,,36,"  28,262.04 ","  27,406.40 ",  855.64 ,"  141,336.25 ",,,,,,,,,
Apr25,4/1/2025,,37,"  28,262.04 ","  27,468.58 ",  793.46 ,"  113,867.67 ",,,,,,,,,
May25,5/1/2025,,38,"  28,262.04 ","  27,643.41 ",  618.63 ,"  86,224.26 ",,,,,,,,,
Jun25,6/1/2025,,39,"  28,262.04 ","  27,777.98 ",  484.06 ,"  58,446.28 ",,,,,,,,,
Jul25,7/1/2025,,40,"  28,262.04 ","  27,944.51 ",  317.53 ,"  30,501.77 ",,,,,,,,,
Aug25,8/1/2025,,41,"  28,262.04 ","  28,090.80 ",  171.24 ,"  2,410.96 ",,,,,,,,,
Sep25,9/1/2025,,42,"  28,262.04 ","  28,248.50 ",  13.54 ,"  (25,837.54)",,,,,,,,,
Oct25,10/1/2025,,43,"  28,262.04 ","  28,402.41 ",  (140.37),"  (54,239.95)",,,,,,,,,
Nov25,11/1/2025,,44,"  28,262.04 ","  28,566.54 ",  (304.50),"  (82,806.49)",,,,,,,,,
Dec25,12/1/2025,,45,"  28,262.04 ","  28,711.92 ",  (449.88),,," $142,045.11 will be auto debted 12/31/2025 ",,,,,,,
Jan26,1/1/2026,,46,  -   ,  -   ,  -   ,  -   ,,,,,,,,,
Feb26,2/1/2026,,47,  -   ,  -   ,  -   ,  -   ,,,,,,,,,
Mar26,3/1/2026,,48,  -   ,  -   ,  -   ,  -   ,,,,,,,,,
Apr26,4/1/2026,,49,  -   ,  -   ,  -   ,  -   ,,,,,,,,,
May26,5/1/2026,,50,  -   ,  -   ,  -   ,  -   ,,,,,,,,,
Jun26,6/1/2026,,51,  -   ,  -   ,  -   ,  -   ,,,,,,,,,
Jul26,7/1/2026,,52,  -   ,  -   ,  -   ,  -   ,,,,,,,,,
Aug26,8/1/2026,,53,  -   ,  -   ,  -   ,  -   ,,,,,,,,,
Sep26,9/1/2026,,54,  -   ,  -   ,  -   ,  -   ,,,,,,,,,
Oct26,10/1/2026,,55,  -   ,  -   ,  -   ,  -   ,,,,,,,,,
Nov26,11/1/2026,,56,  -   ,  -   ,  -   ,  -   ,,,,,,,,,
Dec26,12/1/2026,,57,  -   ,  -   ,  -   ,  -   ,,,,,,,,,
Jan27,1/1/2027,,58,  -   ,  -   ,  -   ,  -   ,,,,,,,,,
Feb27,2/1/2027,,59,  -   ,  -   ,  -   ,  -   ,,,,,,,,,
Mar27,3/1/2027,,60,  -   ,  -   ,  -   ,  -   ,,,,,,,,,
Apr27,4/1/2027,,61,,,,,,,,,,,,,
May27,5/1/2027,,62,,,,,,,,,,,,,
Jun27,6/1/2027,,63,,,,,,,,,,,,,
Jul27,7/1/2027,,64,,,,,,,,,,,,,
Aug27,8/1/2027,,65,,,,,,,,,,,,,
Sep27,9/1/2027,,66,,,,,,,,,,,,,
Oct27,10/1/2027,,67,,,,,,,,,,,,,
Nov27,11/1/2027,,68,,,,,,,,,,,,,
Dec27,12/1/2027,,69,,,,,,,,,,,,,
Jan28,1/1/2028,,70,,,,,,,,,,,,,
Feb28,2/1/2028,,71,,,,,,,,,,,,,
Mar28,3/1/2028,,72,,,,,,,,,,,,,
Apr28,4/1/2028,,73,,,,,,,,,,,,,
May28,5/1/2028,,74,,,,,,,,,,,,,
Jun28,6/1/2028,,75,,,,,,,,,,,,,
Jul28,7/1/2028,,76,,,,,,,,,,,,,
Aug28,8/1/2028,,77,,,,,,,,,,,,,
Sep28,9/1/2028,,78,,,,,,,,,,,,,
Oct28,10/1/2028,,79,,,,,,,,,,,,,
Nov28,11/1/2028,,80,,,,,,,,,,,,,
Dec28,12/1/2028,,81,,,,,,,,,,,,,
Jan29,1/1/2029,,82,,,,,,,,,,,,,
Feb29,2/1/2029,,83,,,,,,,,,,,,,
Mar29,3/1/2029,,84,,,,,,,,,,,,,
Apr29,4/1/2029,,85,,,,,,,,,,,,,
May29,5/1/2029,,,,,,,,,,,,,,,