2 T680 Sleepers,,,,,,,,05-2985-000-000-00,
,,,,,MH1,,,,
Debt Schedule-Master'!A1,,,,,,,  60.00 ,,
'Rolling Debt Schedule'!A1,,,,,,,"($5,917.58)",,
Loan #:,412932-105,,,,,,,,
Billing ID:,,,,66,7/1/2023,4.48%,,,
,,,,Payment,Princ,Int,"  317,570.00 ",Beg Bal,
05-2985,,,,"$5,437.71 ",,,"  317,570.00 ",,
,8/16/2022,,,,,,"  317,570.00 ",,
,9/15/2022,,1,"  5,435.69 ","  4,266.34 ","  1,169.35 ","  313,303.66 ", ML ,
,10/15/2022,,2,"  5,435.69 ","  4,282.05 ","  1,153.64 ","  309,021.62 ",,
,11/15/2022,,3,"  5,435.69 ","  4,259.88 ","  1,175.81 ","  304,761.73 ",,
,12/15/2022,,4,"  5,435.69 ","  4,313.50 ","  1,122.19 ","  300,448.24 ",,
,1/15/2023,,5,"  5,435.69 ","  4,292.51 ","  1,143.18 ","  296,155.73 ",,
,2/15/2023,,6,"  5,435.69 ","  4,308.84 ","  1,126.85 ","  291,846.89 ",,
,3/15/2023,,7,"  5,435.69 ","  4,432.70 ","  1,002.99 ","  287,414.20 ",,
,4/15/2023,,8,"  5,435.69 ","  4,342.10 ","  1,093.59 ","  283,072.10 ",,
,5/15/2023,,9,"  5,435.69 ","  4,393.36 ","  1,042.33 ","  278,678.73 ",,
,6/15/2023,,10,"  5,435.69 ","  4,375.34 ","  1,060.35 ","  274,303.40 ",,
,7/15/2023,,11,"  5,435.69 ","  4,425.65 ","  1,010.04 ","  269,877.74 ",,
,8/15/2023,,12,"  5,435.69 ","  4,408.82 ","  1,026.87 ","  265,468.92 ",,
,9/15/2023,,13,"  5,435.69 ","  4,425.60 ","  1,010.09 ","  261,043.32 ",,
,10/15/2023,,14,"  5,435.69 ","  4,474.48 ",  961.21 ,"  256,568.84 ",,
,11/15/2023,,15,"  5,435.69 ","  4,459.46 ",  976.23 ,"  252,109.38 ",,
,12/15/2023,,16,"  5,435.69 ","  4,507.37 ",  928.32 ,"  247,602.01 ",,
,1/15/2024,,17,"  5,435.69 ","  4,493.58 ",  942.11 ,"  243,108.42 ",,
,2/15/2024,,18,"  5,435.69 ","  4,510.68 ",  925.01 ,"  238,597.74 ",  (75.73), Voucher Correction 
,3/15/2024,,19,"  5,435.69 ","  4,586.41 ",  849.28 ,"  234,011.33 ",,
,4/15/2024,,20,"  5,435.69 ","  4,545.29 ",  890.40 ,"  229,466.04 ",,
,5/15/2024,,21,"  5,435.69 ","  4,590.75 ",  844.94 ,"  224,875.29 ",,
,6/15/2024,,22,"  5,435.69 ","  4,580.05 ",  855.64 ,"  220,295.23 ",,
,7/15/2024,,23,"  5,435.69 ","  4,624.52 ",  811.17 ,"  215,670.71 ",,
,8/15/2024,,24,"  5,435.69 ","  4,615.08 ",  820.61 ,"  211,055.63 ",,
,9/15/2024,,25,"  5,435.69 ","  4,632.64 ",  803.05 ,"  206,423.00 ",,
,10/15/2024,,26,"  5,435.69 ","  4,675.60 ",  760.09 ,"  201,747.40 ",,
,11/15/2024,,27,  -   ,  -   ,  767.64 ,"  201,747.40 ", deferred P&I payments - due  ,
,12/15/2024,,28,  -   ,  -   ,  742.87 ,"  201,747.40 ",,
Jan25,1/15/2025,,29,  -   ,  -   ,  767.64 ,"  201,747.40 ",,
Feb25,2/15/2025,,30,"  21,742.76 ","  18,696.98 ","  3,045.78 ","  183,050.41 ", 3 months P&I due ,
Mar25,3/15/2025,,31,"  5,435.69 ","  4,806.60 ",  629.09 ,"  178,243.81 ",,
Apr25,4/15/2025,,32,"  5,435.69 ","  4,757.48 ",  678.21 ,"  173,486.33 ",,
May25,5/15/2025,,33,"  5,435.69 ","  4,796.88 ",  638.81 ,"  168,689.45 ",,
Jun25,6/15/2025,,34,"  5,435.69 ","  4,793.84 ",  641.85 ,"  163,895.61 ",,
Jul25,7/15/2025,,35,"  5,435.69 ","  4,832.19 ",  603.50 ,"  159,063.42 ",,
Aug25,8/15/2025,,36,"  5,435.69 ","  4,830.46 ",  605.23 ,"  154,232.95 ",,
Sep25,9/15/2025,,37,"  5,435.69 ","  4,848.84 ",  586.85 ,"  149,384.11 ",,
Oct25,10/15/2025,,38,"  5,435.69 ","  4,885.63 ",  550.06 ,"  144,498.48 ",,
Nov25,11/15/2025,,39,"  5,435.69 ","  4,885.88 ",  549.81 ,"  139,612.60 ",,
Dec25,12/15/2025,,40,"  5,435.69 ","  4,921.61 ",  514.08 ,"  134,690.99 ",,
Jan26,1/15/2026,,41,"  5,435.69 ","  4,923.20 ",  512.49 ,"  129,767.79 ",,
Feb26,2/15/2026,,42,"  5,435.69 ","  4,941.93 ",  493.76 ,"  124,825.85 ",,
Mar26,3/15/2026,,43,"  5,435.69 ","  5,006.70 ",  428.99 ,"  119,819.15 ",,
Apr26,4/15/2026,,44,"  5,435.69 ","  4,979.79 ",  455.90 ,"  114,839.37 ",,
May26,5/15/2026,,45,"  5,435.69 ","  5,012.83 ",  422.86 ,"  109,826.54 ",,
Jun26,6/15/2026,,46,"  5,435.69 ","  5,017.81 ",  417.88 ,"  104,808.73 ",,
Jul26,7/15/2026,,47,"  5,435.69 ","  5,049.76 ",  385.93 ,"  99,758.97 ",,
Aug26,8/15/2026,,48,"  5,435.69 ","  5,056.11 ",  379.58 ,"  94,702.85 ",,
Sep26,9/15/2026,,49,"  5,435.69 ","  5,075.35 ",  360.34 ,"  89,627.50 ",,
Oct26,10/15/2026,,50,"  5,435.69 ","  5,105.66 ",  330.03 ,"  84,521.84 ",,
Nov26,11/15/2026,,51,"  5,435.69 ","  5,114.09 ",  321.60 ,"  79,407.75 ",,
Dec26,12/15/2026,,52,"  5,435.69 ","  5,143.30 ",  292.39 ,"  74,264.45 ",,
Jan27,1/15/2027,,53,"  5,435.69 ","  5,153.12 ",  282.57 ,"  69,111.33 ",,
Feb27,2/15/2027,,54,"  5,435.69 ","  5,172.73 ",  262.96 ,"  63,938.61 ",,
Mar27,3/15/2027,,55,"  5,435.69 ","  5,215.95 ",  219.74 ,"  58,722.65 ",,
Apr27,4/15/2027,,56,"  5,435.69 ","  5,212.25 ",  223.44 ,"  53,510.40 ",,
May27,5/15/2027,,57,"  5,435.69 ","  5,238.65 ",  197.04 ,"  48,271.75 ",,
Jun27,6/15/2027,,58,"  5,435.69 ","  5,252.02 ",  183.67 ,"  43,019.73 ",,
Jul27,7/15/2027,,59,"  5,435.69 ","  5,277.28 ",  158.41 ,"  37,742.44 ",,
Aug27,8/15/2027,,60,"  5,435.69 ","  5,292.08 ",  143.61 ,"  32,450.36 ",,
Sep27,9/15/2027,,61,"  5,435.69 ","  5,312.22 ",  123.47 ,"  27,138.14 ",,
Oct27,10/15/2027,,62,"  5,435.69 ","  5,335.76 ",  99.93 ,"  21,802.38 ",,
Nov27,11/15/2027,,63,"  5,435.69 ","  5,352.73 ",  82.96 ,"  16,449.65 ",,
Dec27,12/15/2027,,64,"  5,435.69 ","  5,375.12 ",  60.57 ,"  11,074.53 ",,
Jan28,1/15/2028,,65,"  5,435.69 ","  5,393.55 ",  42.14 ,"  5,680.97 ",,
Feb28,2/15/2028,,66,"  5,702.59 ","  5,680.97 ",  21.62 ,  -   ,,
Mar28,3/15/2028,,67,  -   ,  -   ,  -   ,  -   ,,
Apr28,4/15/2028,,68,  -   ,  -   ,  -   ,  -   ,,
May28,5/15/2028,,69,  -   ,  -   ,  -   ,  -   ,,
Jun28,6/15/2028,,70,  -   ,  -   ,  -   ,  -   ,,
Jul28,7/15/2028,,71,  -   ,  -   ,  -   ,  -   ,,
Aug28,8/15/2028,,72,  -   ,  -   ,  -   ,  -   ,,
Sep28,9/15/2028,,73,  -   ,  -   ,  -   ,  -   ,,
Oct28,10/15/2028,,74,  -   ,  -   ,  -   ,  -   ,,
Nov28,11/15/2028,,75,  -   ,  -   ,  -   ,  -   ,,
Dec28,12/15/2028,,76,  -   ,  -   ,  -   ,  -   ,,
Jan29,1/15/2029,,77,  -   ,  -   ,  -   ,  -   ,,
Feb29,2/15/2029,,78,  -   ,  -   ,  -   ,  -   ,,
Mar29,3/15/2029,,79,  -   ,  -   ,  -   ,  -   ,,
Apr29,4/15/2029,,80,  -   ,  -   ,  -   ,  -   ,,
May29,5/15/2029,,81,  -   ,  -   ,  -   ,  -   ,,
Jun29,6/15/2029,,82,  -   ,  -   ,  -   ,  -   ,,
Jul29,7/15/2029,,83,  -   ,  -   ,  -   ,  -   ,,
Aug29,8/15/2029,,84,  -   ,  -   ,  -   ,  -   ,,
Sep29,9/15/2029,,85,  -   ,  -   ,  -   ,  -   ,,